Age,Family_Size,Monthly_Income,Health_Status,Past_Aid,Food_Insecurity_Risk
69,3,11484,Fair,No,1
69,7,21814,Fair,No,1
56,1,15291,Poor,No,0
40,6,11225,Good,No,1
79,3,39656,Poor,Yes,0
38,1,44210,Good,Yes,0
78,3,14345,Fair,Yes,1
59,5,27359,Good,No,0
35,2,35022,Good,No,0
77,2,19890,Fair,Yes,1
36,4,29301,Good,Yes,0
41,4,31475,Fair,Yes,1
23,7,9311,Good,Yes,1
23,1,18217,Poor,No,0
19,7,14172,Fair,Yes,1
29,8,43069,Poor,No,2
41,7,7827,Poor,No,2
61,3,44172,Poor,No,0
71,2,28225,Good,Yes,0
37,5,35347,Good,Yes,0
42,1,36080,Poor,No,0
48,2,32640,Fair,No,1
24,9,19817,Poor,Yes,2
68,5,40761,Poor,Yes,2
65,4,9067,Fair,Yes,1
78,7,39659,Poor,Yes,2
32,9,38474,Good,No,0
33,1,9317,Good,Yes,1
61,2,5505,Good,Yes,1
62,1,6539,Good,Yes,1
29,9,8405,Good,Yes,1
51,3,40987,Poor,Yes,0
59,3,10005,Fair,Yes,1
61,8,15011,Poor,Yes,2
52,3,8117,Good,No,1
26,3,6378,Good,No,1
35,5,12557,Good,No,1
27,4,15875,Good,No,0
63,1,3971,Poor,No,2
27,3,6069,Good,Yes,1
37,3,37045,Good,No,0
62,7,40848,Poor,No,2
56,7,23019,Good,No,0
22,1,21023,Good,Yes,0
65,6,49750,Good,Yes,0
64,7,6069,Fair,Yes,1
79,8,10938,Poor,No,2
25,4,25436,Fair,Yes,1
19,5,33001,Good,Yes,0
56,3,37608,Poor,No,0
58,6,16573,Poor,Yes,2
47,5,16185,Poor,No,2
25,8,39365,Poor,Yes,2
69,2,15729,Good,Yes,0
42,5,47189,Good,No,0
38,2,20732,Poor,Yes,0
55,8,6754,Good,No,1
31,8,34336,Fair,No,1
67,2,20324,Poor,Yes,0
39,7,10031,Poor,No,2
43,1,16820,Poor,No,0
49,6,32965,Good,No,0
60,7,47014,Poor,No,2
46,6,7351,Good,Yes,1
50,3,5658,Good,No,1
74,6,30358,Fair,No,1
19,9,24932,Good,No,0
55,3,3650,Fair,Yes,2
41,7,18982,Poor,Yes,2
33,9,29240,Fair,Yes,1
27,6,43880,Poor,Yes,2
23,7,30691,Fair,Yes,1
76,6,46832,Fair,No,1
55,5,42353,Poor,No,2
61,4,7426,Good,No,1
46,8,16314,Fair,No,1
58,8,3857,Fair,No,2
52,4,24784,Good,No,0
25,2,38863,Good,No,0
41,6,26442,Poor,No,2
49,4,46069,Fair,Yes,1
72,6,24945,Poor,Yes,2
33,3,19600,Good,Yes,0
70,9,47088,Fair,No,1
38,7,47193,Fair,No,1
42,1,8355,Fair,No,1
21,7,45189,Fair,No,1
75,3,13734,Good,Yes,1
75,8,41269,Fair,No,1
41,8,3982,Poor,Yes,2
37,4,14566,Poor,No,1
21,8,31713,Good,No,0
74,7,27114,Good,Yes,0
57,3,39407,Good,No,0
22,4,29374,Poor,No,0
30,2,23001,Poor,Yes,0
23,2,49596,Good,No,0
55,5,3996,Good,Yes,2
64,4,6759,Good,Yes,1
79,7,9437,Poor,No,2
29,1,43321,Poor,Yes,0
30,1,3195,Poor,Yes,2
56,5,30782,Poor,Yes,2
54,2,6088,Fair,Yes,1
31,8,32570,Fair,No,1
29,5,25565,Fair,Yes,1
59,5,44651,Fair,Yes,1
23,1,34067,Fair,Yes,1
41,4,10117,Poor,Yes,1
18,3,48525,Good,No,0
45,9,40209,Good,Yes,0
55,6,16837,Fair,No,1
57,5,12262,Good,No,1
44,9,46101,Good,No,0
70,4,30764,Poor,No,0
25,7,30523,Poor,Yes,2
32,4,27481,Poor,Yes,0
46,9,13304,Good,Yes,1
20,4,29264,Fair,Yes,1
19,3,16778,Fair,No,1
24,5,11427,Good,No,1
48,4,13487,Poor,Yes,1
50,6,36519,Fair,No,1
46,6,15291,Poor,Yes,2
69,1,3894,Good,No,2
53,7,37150,Poor,No,2
59,9,22617,Good,Yes,0
53,9,22061,Poor,No,2
49,3,24079,Fair,Yes,1
39,1,33505,Poor,No,0
58,2,11216,Poor,Yes,1
26,7,10689,Good,Yes,1
72,4,36073,Good,Yes,0
79,7,26872,Fair,No,1
52,2,32654,Poor,Yes,0
21,2,43610,Fair,No,1
78,9,14903,Fair,Yes,1
57,2,13683,Fair,No,1
21,8,22319,Fair,Yes,1
52,3,10059,Poor,Yes,1
44,7,26452,Fair,Yes,1
47,3,20039,Poor,Yes,0
34,1,39026,Good,Yes,0
67,8,43838,Good,No,0
45,5,25114,Fair,No,1
32,7,48795,Poor,Yes,2
63,3,43296,Good,No,0
20,5,4387,Fair,Yes,2
33,5,34067,Poor,Yes,2
55,6,45922,Poor,No,2
64,3,13142,Good,No,1
79,1,2092,Good,Yes,2
72,5,8011,Poor,Yes,2
54,8,26602,Fair,Yes,1
53,4,12918,Fair,No,1
23,7,17958,Fair,Yes,1
47,9,14968,Good,No,1
46,7,27210,Good,No,0
32,3,33778,Fair,Yes,1
76,3,23019,Poor,No,0
50,8,30089,Good,Yes,0
62,9,6006,Poor,No,2
62,5,2012,Fair,Yes,2
26,4,43976,Poor,Yes,0
47,6,38382,Good,Yes,0
45,4,10436,Good,No,1
68,7,30504,Good,Yes,0
47,5,36050,Poor,Yes,2
25,2,16283,Fair,No,1
79,9,33276,Fair,No,1
41,3,4311,Good,Yes,2
66,5,36923,Fair,No,1
67,6,19266,Poor,Yes,2
48,6,40430,Good,Yes,0
44,6,34886,Good,No,0
26,6,37155,Poor,Yes,2
49,7,12456,Good,No,1
50,7,22612,Good,No,0
53,8,18643,Fair,No,1
23,1,34552,Poor,Yes,0
69,6,31622,Fair,No,1
76,9,44954,Fair,Yes,1
42,7,17880,Fair,No,1
68,8,22380,Poor,Yes,2
26,5,22007,Good,Yes,0
77,7,9198,Poor,No,2
38,9,41744,Poor,No,2
31,6,40247,Poor,Yes,2
20,2,42733,Good,Yes,0
48,4,20697,Fair,Yes,1
25,1,21908,Good,No,0
71,8,39668,Fair,Yes,1
40,2,14876,Poor,No,1
20,8,46561,Good,Yes,0
53,9,33103,Fair,No,1
47,9,43880,Good,No,0
38,7,23093,Poor,Yes,2
52,6,40811,Fair,No,1
31,6,6539,Good,Yes,1
48,2,18328,Fair,Yes,1
36,1,17029,Poor,No,0
68,1,14466,Good,No,1
56,8,29630,Poor,Yes,2
22,8,47734,Fair,Yes,1
48,6,21632,Fair,No,1
57,4,18078,Fair,No,1
56,3,43951,Good,Yes,0
30,2,27232,Poor,No,0
72,1,40042,Poor,No,0
62,3,26602,Poor,No,0
76,2,33497,Good,No,0
56,6,3220,Good,No,2
62,6,45096,Poor,Yes,2
51,5,32572,Good,Yes,0
77,3,39536,Poor,No,0
72,1,9701,Good,No,1
29,4,27749,Good,Yes,0
46,9,42933,Good,No,0
40,1,28502,Good,Yes,0
64,5,39351,Poor,No,2
47,5,8978,Poor,No,2
37,9,30171,Good,Yes,0
74,7,3021,Fair,Yes,2
49,1,28823,Poor,No,0
59,3,5121,Fair,Yes,1
54,2,22989,Good,No,0
49,1,32308,Fair,No,1
24,5,10598,Fair,Yes,1
36,7,28324,Poor,No,2
43,1,44657,Good,Yes,0
43,8,15124,Good,Yes,0
59,6,13861,Fair,Yes,1
54,1,5127,Fair,Yes,1
58,6,46997,Poor,No,2
71,3,23879,Fair,Yes,1
24,3,19750,Poor,No,0
36,8,17391,Good,No,0
47,3,45922,Fair,No,1
75,5,5811,Poor,No,2
52,9,10689,Poor,Yes,2
38,8,4017,Poor,No,2
59,5,13119,Fair,No,1
25,8,25085,Fair,No,1
43,6,11193,Good,No,1
51,9,12651,Fair,Yes,1
24,5,28225,Poor,No,2
25,2,4126,Fair,Yes,2
47,5,5580,Poor,Yes,2
65,8,39969,Fair,Yes,1
50,2,37608,Good,Yes,0
51,6,9673,Good,No,1
23,1,39452,Fair,No,1
69,9,22728,Poor,Yes,2
69,6,41395,Fair,Yes,1
77,4,30940,Good,No,0
55,7,13585,Good,Yes,1
21,9,20851,Poor,Yes,2
59,9,28735,Poor,Yes,2
68,4,20402,Poor,Yes,0
54,6,47222,Fair,No,1
74,8,6568,Good,No,1
77,6,4413,Good,No,2
38,7,44172,Poor,Yes,2
57,2,14499,Fair,Yes,1
61,9,12983,Poor,No,2
73,5,25991,Fair,No,1
75,2,19890,Good,Yes,0
26,5,10164,Fair,Yes,1
68,8,25436,Fair,No,1
77,9,21738,Fair,Yes,1
38,3,47066,Fair,Yes,1
68,2,31668,Fair,Yes,1
18,6,37761,Good,Yes,0
64,2,31126,Good,No,0
41,7,30523,Good,No,0
41,7,23983,Fair,Yes,1
27,5,15729,Fair,Yes,1
59,6,38257,Good,No,0
46,2,5009,Fair,Yes,1
73,6,39026,Poor,No,2
75,4,41826,Fair,Yes,1
54,1,12940,Poor,No,1
33,6,11801,Fair,No,1
37,3,19434,Poor,No,0
29,8,17031,Fair,Yes,1
72,8,34625,Good,Yes,0
33,2,11652,Good,No,1
28,3,32640,Good,Yes,0
69,5,10187,Good,No,1
57,8,13363,Fair,Yes,1
65,9,32833,Good,No,0
33,9,35152,Poor,No,2
33,4,9379,Fair,Yes,1
38,1,39452,Fair,Yes,1
50,5,21709,Good,Yes,0
19,6,6918,Good,No,1
26,8,41916,Poor,No,2
51,8,17212,Good,Yes,0
79,6,35178,Poor,No,2
74,8,34275,Good,Yes,0
73,9,7227,Poor,No,2
41,8,29301,Good,No,0
68,5,24622,Fair,Yes,1
32,5,4350,Fair,No,2
47,2,39365,Good,No,0
45,2,13238,Fair,No,1
21,2,49391,Fair,No,1
29,8,28823,Poor,Yes,2
28,4,46874,Good,No,0
28,1,42798,Good,Yes,0
71,7,39351,Poor,Yes,2
53,6,49564,Fair,No,1
71,9,40078,Poor,Yes,2
69,3,6940,Poor,No,1
61,8,23042,Good,No,0
60,5,14546,Poor,No,2
38,7,40848,Poor,No,2
33,3,45934,Poor,Yes,0
18,3,15578,Poor,No,0
22,9,8463,Poor,Yes,2
78,2,40792,Good,No,0
19,2,6207,Fair,Yes,1
68,6,39407,Fair,No,1
72,4,7585,Good,Yes,1
29,4,35010,Poor,Yes,0
46,3,41051,Poor,No,0
48,2,27113,Fair,No,1
41,3,19817,Poor,Yes,0
51,7,27210,Good,Yes,0
57,4,25064,Good,No,0
35,1,10598,Poor,No,1
56,6,6989,Good,Yes,1
31,8,18540,Good,No,0
54,4,6830,Fair,No,1
22,5,28862,Fair,No,1
26,8,11982,Good,Yes,1
31,3,13861,Fair,Yes,1
71,4,35378,Fair,Yes,1
64,5,16149,Good,Yes,0
28,9,34983,Poor,No,2
53,5,38257,Poor,No,2
61,4,5876,Poor,Yes,1
23,8,44184,Good,No,0
73,2,46108,Good,No,0
43,6,44648,Fair,Yes,1
41,6,13184,Poor,Yes,2
64,4,10837,Fair,No,1
72,8,24256,Fair,Yes,1
37,6,28287,Fair,Yes,1
37,5,35273,Good,Yes,0
41,8,42798,Good,No,0
36,6,21908,Poor,No,2
71,1,23704,Good,Yes,0
47,6,40678,Good,Yes,0
22,8,41842,Fair,Yes,1
77,1,22813,Poor,Yes,0
55,7,17029,Good,No,0
78,8,47885,Poor,No,2
45,5,24950,Poor,No,2
69,1,6539,Poor,No,1
70,2,17582,Good,No,0
46,9,5505,Poor,Yes,2
67,9,47222,Fair,Yes,1
67,3,34990,Poor,No,0
26,9,22617,Poor,No,2
46,3,22270,Good,No,0
40,6,8931,Poor,No,2
57,7,13363,Poor,Yes,2
76,4,3408,Fair,No,2
64,7,35995,Poor,Yes,2
70,6,3770,Good,Yes,2
70,4,41544,Fair,No,1
55,1,13866,Fair,No,1
24,1,34577,Good,Yes,0
75,3,9126,Poor,No,1
65,8,10253,Poor,No,2
40,7,22594,Poor,No,2
71,5,14348,Poor,Yes,2
21,2,24622,Poor,No,0
48,1,27665,Fair,No,1
41,4,15214,Fair,No,1
39,5,41273,Poor,Yes,2
34,9,20053,Fair,Yes,1
41,2,6731,Poor,Yes,1
56,7,41856,Good,No,0
52,3,29493,Poor,No,0
49,7,25072,Fair,Yes,1
47,4,15494,Fair,Yes,1
63,5,32654,Poor,No,2
51,9,16053,Poor,No,2
74,3,4387,Good,Yes,2
47,6,28287,Poor,No,2
69,7,11228,Fair,Yes,1
72,6,2561,Good,No,2
32,1,35995,Good,No,0
31,2,25892,Good,No,0
42,3,23007,Fair,Yes,1
52,3,14575,Good,No,1
29,6,10164,Good,No,1
18,1,46109,Good,No,0
50,1,31624,Fair,No,1
40,3,47290,Fair,No,1
55,6,13549,Good,No,1
35,1,16185,Poor,Yes,0
45,6,22364,Poor,No,2
28,1,16903,Good,No,0
74,8,49552,Good,Yes,0
18,9,30169,Fair,Yes,1
34,1,32570,Poor,Yes,0
51,3,19789,Poor,Yes,0
46,8,3857,Good,Yes,2
52,4,21431,Poor,No,0
44,8,12646,Fair,Yes,1
18,6,30663,Good,No,0
78,3,13792,Poor,Yes,1
66,7,6250,Poor,Yes,2
33,1,22878,Good,Yes,0
51,4,14538,Poor,Yes,1
54,6,4082,Good,Yes,2
60,1,15729,Poor,Yes,0
61,7,48525,Good,Yes,0
33,5,16053,Fair,Yes,1
65,3,40761,Poor,No,0
24,2,47066,Poor,No,0
21,9,45096,Fair,Yes,1
27,7,37795,Good,Yes,0
76,8,6196,Good,Yes,1
37,7,44790,Poor,No,2
53,8,9437,Good,Yes,1
53,5,31126,Good,No,0
21,1,19285,Good,Yes,0
52,2,2648,Good,No,2
44,9,46069,Poor,No,2
57,8,41688,Good,Yes,0
59,5,25492,Poor,No,2
60,8,46832,Poor,Yes,2
51,1,31645,Good,Yes,0
78,3,46101,Good,No,0
33,9,27009,Poor,Yes,2
41,3,35347,Good,Yes,0
47,3,7815,Good,Yes,1
79,4,14903,Good,No,1
54,7,33685,Fair,No,1
49,6,47931,Poor,No,2
77,4,18467,Good,Yes,0
37,1,24256,Fair,No,1
68,8,40192,Fair,Yes,1
63,2,43554,Good,Yes,0
75,6,41273,Poor,Yes,2
31,1,41334,Poor,Yes,0
40,5,35361,Poor,Yes,2
21,1,6906,Good,No,1
28,1,48525,Good,No,0
61,9,38382,Poor,Yes,2
34,4,32500,Fair,Yes,1
73,9,31645,Good,Yes,0
57,3,32833,Poor,Yes,0
37,5,26492,Fair,No,1
28,8,7145,Good,No,1
74,6,24417,Good,No,0
21,6,22870,Fair,Yes,1
50,7,13649,Good,Yes,1
20,6,48767,Poor,No,2
53,7,24944,Fair,Yes,1
79,6,21613,Good,Yes,0
24,7,42543,Poor,No,2
71,6,40811,Fair,No,1
52,7,20053,Good,Yes,0
39,4,27232,Poor,Yes,0
50,2,27665,Good,Yes,0
48,5,3040,Good,Yes,2
51,1,11956,Good,No,1
58,4,39416,Fair,Yes,1
47,4,6069,Poor,No,1
45,5,29833,Good,No,0
44,6,43268,Good,Yes,0
44,7,39465,Good,No,0
75,8,25091,Poor,Yes,2
38,1,15586,Good,No,0
53,2,37907,Fair,Yes,1
79,9,22058,Poor,No,2
35,6,39205,Fair,Yes,1
42,9,29809,Good,Yes,0
58,9,4311,Poor,Yes,2
53,5,20352,Poor,No,2
34,5,32500,Good,Yes,0
64,3,10853,Poor,Yes,1
21,8,35682,Poor,Yes,2
67,9,8463,Poor,Yes,2
23,5,38634,Poor,Yes,2
43,8,2828,Fair,Yes,2
24,3,5845,Fair,Yes,1
29,1,11445,Fair,No,1
40,3,13238,Poor,Yes,1
48,8,14345,Good,Yes,1
68,4,45444,Fair,Yes,1
41,6,3780,Good,Yes,2
62,3,14690,Fair,Yes,1
54,5,28165,Poor,Yes,2
36,7,6539,Fair,No,1
56,9,19203,Poor,Yes,2
45,5,35682,Fair,Yes,1
41,2,36784,Poor,No,0
28,2,10059,Good,Yes,1
32,5,39969,Fair,No,1
57,5,19995,Good,No,0
40,9,41828,Poor,Yes,2
72,8,10031,Poor,No,2
21,8,32308,Good,No,0
30,5,4350,Fair,Yes,2
34,1,30694,Poor,Yes,0
70,4,5580,Poor,No,1
42,2,8117,Good,Yes,1
25,8,6506,Poor,No,2
58,3,37671,Good,Yes,0
19,9,10755,Good,Yes,1
18,1,8325,Good,No,1
47,8,30779,Good,Yes,0
29,6,46042,Fair,No,1
28,9,26148,Good,No,0
29,3,35682,Fair,No,1
67,4,11196,Poor,No,1
43,4,29264,Poor,Yes,0
39,3,41051,Good,No,0
34,8,33881,Fair,Yes,1
37,8,19890,Poor,Yes,2
63,7,22235,Good,No,0
26,8,28954,Good,No,0
61,4,19722,Fair,No,1
62,8,24950,Good,Yes,0
23,5,3220,Poor,No,2
26,7,20686,Poor,No,2
37,7,8579,Fair,No,1
62,7,5505,Fair,No,1
26,5,30033,Fair,Yes,1
41,1,42707,Fair,Yes,1
75,2,27860,Poor,No,0
63,2,46004,Good,No,0
23,5,45702,Good,No,0
67,3,37155,Poor,No,0
79,4,47579,Poor,No,0
60,1,21854,Poor,No,0
67,1,47772,Fair,Yes,1
74,2,23414,Good,Yes,0
34,7,39806,Poor,Yes,2
55,4,30443,Fair,Yes,1
75,7,33857,Fair,No,1
44,6,26492,Fair,No,1
41,3,23243,Poor,No,0
39,6,4128,Good,Yes,2
69,7,22596,Good,No,0
61,3,38382,Poor,No,0
71,7,27248,Poor,No,2
64,9,6363,Fair,Yes,1
71,3,27749,Poor,Yes,0
60,3,4862,Fair,Yes,2
45,6,35273,Poor,Yes,2
61,4,13647,Poor,No,1
36,7,2648,Fair,Yes,2
48,2,4017,Good,No,2
27,1,22264,Good,No,0
78,8,30504,Good,No,0
65,7,27248,Fair,Yes,1
59,5,28912,Good,Yes,0
57,2,10462,Good,Yes,1
67,3,23648,Fair,Yes,1
71,7,31769,Good,Yes,0
34,6,20039,Poor,No,2
41,6,46707,Poor,No,2
51,4,39205,Poor,No,0
76,2,16966,Fair,Yes,1
40,4,19374,Fair,Yes,1
22,6,42544,Good,No,0
37,7,11655,Poor,No,2
33,8,35053,Fair,Yes,1
62,9,35921,Fair,Yes,1
23,9,13500,Poor,No,2
65,5,9701,Good,Yes,1
26,7,15494,Poor,Yes,2
62,6,7132,Poor,Yes,2
52,1,29301,Fair,Yes,1
42,8,20943,Good,No,0
76,7,9303,Fair,No,1
28,3,30089,Good,No,0
78,7,7336,Poor,Yes,2
62,7,46042,Poor,No,2
38,3,14549,Fair,No,1
30,1,16046,Good,Yes,0
51,1,29000,Fair,Yes,1
68,5,7827,Fair,Yes,1
68,9,5505,Fair,Yes,1
28,7,42353,Fair,No,1
75,4,33129,Good,No,0
62,8,8985,Poor,No,2
37,4,45444,Poor,No,0
50,4,49451,Good,Yes,0
48,3,36519,Poor,Yes,0
59,5,41334,Good,No,0
53,3,37306,Poor,Yes,0
25,1,49577,Good,No,0
33,2,41006,Poor,Yes,0
34,8,41826,Fair,No,1
72,6,16966,Poor,Yes,2
60,3,47808,Fair,Yes,1
52,8,21145,Poor,Yes,2
46,2,41003,Fair,Yes,1
48,9,35044,Fair,No,1
32,8,34171,Fair,No,1
42,8,9194,Fair,Yes,1
57,2,43754,Poor,Yes,0
30,5,9303,Good,No,1
57,6,17880,Poor,No,2
56,5,16415,Fair,No,1
65,4,10685,Poor,No,1
29,9,5286,Poor,No,2
29,4,22264,Good,Yes,0
43,1,8361,Poor,No,1
64,1,30782,Good,Yes,0
62,3,13647,Fair,No,1
70,2,46042,Good,Yes,0
18,9,37761,Fair,Yes,1
30,8,21814,Poor,Yes,2
37,7,47188,Poor,Yes,2
23,5,18351,Fair,Yes,1
20,4,6539,Fair,Yes,1
75,5,27907,Fair,No,1
73,3,11602,Fair,Yes,1
69,1,11196,Poor,Yes,1
47,4,26452,Poor,Yes,0
65,8,44555,Good,No,0
34,7,43792,Poor,No,2
20,9,42908,Good,No,0
31,5,26097,Poor,No,2
43,2,18488,Fair,Yes,1
33,6,13454,Good,No,1
39,9,48318,Poor,No,2
42,3,46042,Poor,No,0
78,5,43610,Good,No,0
34,9,35870,Good,Yes,0
49,9,32308,Poor,Yes,2
78,5,34990,Good,No,0
77,5,38594,Poor,No,2
55,5,12730,Good,No,1
20,9,35378,Fair,Yes,1
73,5,14883,Fair,No,1
42,2,12334,Fair,No,1
28,2,39416,Good,Yes,0
69,4,47579,Poor,Yes,0
48,1,44924,Good,Yes,0
78,3,23521,Good,Yes,0
28,2,31622,Good,No,0
46,4,31502,Fair,Yes,1
40,6,20127,Good,No,0
66,2,6672,Poor,No,1
57,6,10938,Poor,No,2
44,5,39205,Poor,No,2
44,5,3697,Fair,No,2
38,2,8325,Good,No,1
79,2,49064,Fair,No,1
56,5,23757,Poor,No,2
46,1,20402,Good,Yes,0
46,1,15729,Good,Yes,0
33,5,12977,Poor,Yes,2
37,3,43268,Good,No,0
62,2,44312,Good,Yes,0
71,5,24275,Fair,No,1
24,7,15116,Good,Yes,0
33,7,38274,Fair,No,1
76,5,17806,Good,No,0
57,2,47150,Good,No,0
72,5,3857,Fair,Yes,2
63,8,31457,Fair,Yes,1
45,5,16289,Poor,Yes,2
25,3,13792,Fair,No,1
57,6,27815,Fair,No,1
75,4,30358,Fair,Yes,1
52,7,36519,Poor,No,2
26,6,26337,Good,No,0
78,5,11980,Good,Yes,1
18,9,26442,Good,Yes,0
34,9,21738,Fair,No,1
73,4,24313,Good,No,0
29,5,33001,Fair,No,1
56,1,32342,Fair,No,1
42,7,21013,Good,Yes,0
52,4,26600,Fair,Yes,1
78,2,11602,Fair,Yes,1
46,9,31715,Fair,Yes,1
54,1,39329,Poor,Yes,0
75,6,16693,Fair,Yes,1
46,5,16235,Poor,Yes,2
43,9,47850,Good,No,0
44,5,42425,Good,No,0
29,6,11511,Fair,No,1
40,2,27005,Poor,No,0
41,1,16903,Poor,Yes,0
75,9,42162,Poor,Yes,2
76,7,4120,Fair,Yes,2
70,8,23042,Poor,No,2
42,9,19014,Fair,Yes,1
18,5,6407,Good,Yes,1
41,9,17045,Good,Yes,0
79,1,28502,Good,No,0
30,8,39966,Poor,No,2
46,7,7336,Fair,Yes,1
72,4,17026,Good,No,0
33,4,4780,Poor,Yes,2
68,2,37835,Fair,No,1
19,3,32997,Good,Yes,0
36,4,18643,Poor,Yes,0
43,3,13487,Fair,No,1
75,7,30358,Poor,Yes,2
21,8,16966,Good,No,0
28,2,4772,Fair,Yes,2
52,1,24995,Fair,Yes,1
40,5,18982,Good,Yes,0
32,8,3040,Fair,Yes,2
54,5,18234,Good,No,0
69,2,43907,Poor,Yes,0
52,8,24945,Good,Yes,0
47,3,39416,Fair,No,1
21,5,2012,Good,No,2
38,5,49930,Good,Yes,0
51,3,33036,Good,No,0
49,3,44184,Poor,No,0
63,3,39290,Good,Yes,0
59,4,34657,Fair,No,1
26,6,39274,Fair,Yes,1
39,5,17031,Poor,No,2
37,5,20706,Good,No,0
21,9,33237,Fair,Yes,1
25,2,46109,Good,Yes,0
49,3,21898,Poor,Yes,0
23,1,22319,Good,Yes,0
63,4,32997,Fair,Yes,1
61,5,4387,Fair,No,2
45,5,31800,Good,No,0
61,3,3769,Fair,Yes,2
64,6,34078,Fair,No,1
66,9,39229,Fair,No,1
44,7,39166,Poor,Yes,2
55,9,38036,Fair,No,1
64,7,2329,Poor,Yes,2
53,9,3195,Poor,No,2
34,4,24944,Good,Yes,0
50,4,34624,Good,No,0
62,1,6207,Fair,No,1
65,3,28805,Fair,No,1
46,8,49243,Poor,No,2
35,2,36026,Poor,No,0
55,6,22617,Poor,No,2
37,8,33203,Good,No,0
31,7,2648,Fair,No,2
52,4,18217,Fair,No,1
42,6,45141,Poor,Yes,2
70,2,20553,Good,Yes,0
51,7,47926,Poor,Yes,2
42,7,15124,Fair,Yes,1
66,1,47189,Poor,No,0
59,9,6152,Fair,No,1
78,4,38863,Poor,Yes,0
58,9,39229,Fair,No,1
68,9,2023,Poor,Yes,2
66,9,26084,Good,No,0
65,3,36994,Good,Yes,0
79,6,12583,Good,Yes,1
77,1,40527,Good,No,0
48,5,26568,Good,Yes,0
29,7,6940,Fair,Yes,1
31,9,5811,Good,Yes,1
54,7,9601,Poor,Yes,2
63,8,42543,Fair,No,1
35,7,32487,Fair,Yes,1
56,8,2286,Good,Yes,2
72,7,4618,Poor,Yes,2
54,9,44790,Fair,No,1
47,5,5506,Fair,No,1
39,6,5617,Good,No,1
29,3,26082,Poor,No,0
60,1,30635,Fair,Yes,1
29,8,39969,Good,No,0
73,8,3995,Fair,No,2
75,2,10005,Poor,No,1
73,1,35056,Poor,Yes,0
42,8,26171,Good,Yes,0
45,7,46403,Fair,No,1
69,2,43773,Fair,No,1
36,1,43773,Poor,No,0
24,2,4618,Good,No,2
77,4,33653,Poor,Yes,0
45,7,19203,Fair,Yes,1
68,4,7607,Fair,Yes,1
34,2,43268,Fair,Yes,1
49,9,9278,Fair,Yes,1
56,1,43610,Good,No,0
65,1,13929,Poor,No,1
69,8,43509,Poor,Yes,2
39,7,35056,Fair,Yes,1
76,7,38036,Fair,Yes,1
30,1,23007,Fair,Yes,1
58,7,14345,Fair,No,1
69,9,29937,Poor,Yes,2
75,5,14534,Poor,Yes,2
69,8,35841,Good,No,0
19,5,7508,Fair,No,1
40,4,17826,Good,No,0
26,4,11193,Fair,No,1
73,8,31769,Good,Yes,0
34,8,16046,Fair,No,1
31,5,5732,Poor,No,2
30,9,44663,Fair,No,1
21,6,46384,Fair,Yes,1
19,1,11363,Poor,No,1
56,8,5009,Good,Yes,1
59,1,30635,Fair,Yes,1
25,1,28735,Poor,Yes,0
66,9,7702,Good,No,1
71,4,21814,Poor,No,0
23,4,17998,Poor,Yes,0
30,6,44621,Fair,No,1
34,4,19541,Poor,Yes,0
35,7,2956,Good,No,2
39,8,47210,Poor,No,2
47,5,8465,Good,Yes,1
32,7,10195,Poor,No,2
44,3,7145,Good,No,1
58,4,7616,Fair,Yes,1
43,9,20819,Good,No,0
50,5,13454,Good,Yes,1
48,8,46478,Fair,No,1
61,8,21632,Poor,No,2
52,3,27905,Good,No,0
57,6,13573,Good,No,1
28,2,49564,Poor,No,0
22,6,7465,Poor,Yes,2
51,3,30682,Good,Yes,0
69,6,8726,Good,Yes,1
44,2,14499,Fair,No,1
35,3,37795,Good,Yes,0
71,6,7886,Poor,Yes,2
22,6,8575,Fair,No,1
43,2,17378,Poor,Yes,0
51,1,16216,Good,No,0
23,6,44655,Good,No,0
21,7,39487,Fair,No,1
19,9,23920,Good,Yes,0
18,3,40078,Good,No,0
39,9,21613,Good,Yes,0
47,5,16283,Poor,No,2
38,8,19600,Poor,No,2
25,4,12335,Fair,No,1
41,3,10837,Good,No,1
73,2,49987,Poor,Yes,0
40,8,46004,Fair,No,1
21,4,3671,Fair,No,2
45,8,20402,Fair,No,1
72,9,8355,Poor,Yes,2
36,8,34275,Fair,Yes,1
68,8,25154,Fair,Yes,1
22,8,14707,Fair,Yes,1
37,1,44648,Good,Yes,0
67,1,38399,Poor,Yes,0
20,2,9080,Poor,No,1
28,3,25492,Fair,Yes,1
20,8,28077,Good,No,0
71,9,32230,Poor,Yes,2
21,4,38721,Good,No,0
45,5,35152,Poor,Yes,2
75,1,42740,Good,Yes,0
65,2,35327,Poor,No,0
25,1,17949,Fair,Yes,1
76,9,3355,Good,No,2
54,6,7508,Good,Yes,1
54,7,48767,Fair,No,1
70,5,27702,Poor,Yes,2
62,9,41572,Fair,No,1
69,7,30358,Good,No,0
70,6,34990,Good,Yes,0
44,5,33521,Fair,Yes,1
72,9,21531,Good,No,0
27,8,36942,Poor,No,2
24,2,5214,Fair,No,1
48,2,24533,Good,Yes,0
62,9,4126,Poor,Yes,2
50,5,23646,Good,Yes,0
50,5,41212,Fair,Yes,1
33,1,46613,Good,Yes,0
75,8,33142,Poor,Yes,2
47,1,26990,Poor,Yes,0
71,4,41653,Fair,Yes,1
50,8,38274,Poor,No,2
55,5,6207,Fair,Yes,1
28,3,30898,Poor,Yes,0
78,6,9194,Fair,Yes,1
34,1,15081,Poor,Yes,0
77,6,36026,Fair,No,1
38,3,34275,Fair,No,1
49,5,11225,Good,Yes,1
63,4,43896,Good,Yes,0
55,3,16877,Poor,Yes,0
43,4,36139,Good,Yes,0
67,3,16903,Poor,No,0
32,2,9311,Fair,Yes,1
66,7,40902,Fair,No,1
49,9,9676,Fair,Yes,1
79,6,4061,Good,Yes,2
18,7,13929,Poor,No,2
50,2,10853,Poor,Yes,1
30,7,46307,Fair,No,1
79,7,14172,Poor,No,2
76,3,48562,Poor,Yes,0
21,1,20087,Poor,No,0
68,2,31939,Good,Yes,0
56,9,23001,Fair,Yes,1
58,8,45926,Poor,Yes,2
57,1,5876,Poor,Yes,1
42,1,44587,Fair,Yes,1
78,5,23648,Poor,No,2
65,7,37671,Fair,No,1
47,5,20794,Good,Yes,0
32,4,45385,Poor,Yes,0
43,1,19234,Good,No,0
70,4,45966,Good,No,0
59,7,24429,Poor,No,2
43,3,5672,Poor,Yes,1
37,9,2012,Good,Yes,2
67,9,37835,Poor,No,2
43,6,11815,Poor,No,2
36,6,32487,Poor,Yes,2
23,3,49596,Poor,Yes,0
74,6,19285,Good,No,0
78,1,7759,Fair,Yes,1
40,7,8355,Poor,Yes,2
68,9,39887,Poor,Yes,2
21,4,7277,Fair,Yes,1
66,5,44210,Fair,Yes,1
39,2,36519,Poor,Yes,0
28,6,20819,Fair,No,1
66,1,30332,Poor,No,0
79,2,35561,Fair,Yes,1
69,9,44790,Good,No,0
53,8,34624,Good,Yes,0
41,1,33857,Poor,No,0
62,8,3603,Good,No,2
68,5,4650,Fair,No,2
37,3,40086,Fair,Yes,1
76,5,33653,Fair,Yes,1
44,4,24950,Fair,No,1
19,3,49527,Poor,Yes,0
39,2,48561,Fair,No,1
31,6,26464,Good,No,0
64,5,43525,Poor,Yes,2
57,9,25991,Good,No,0
64,8,6407,Poor,No,2
30,6,14465,Good,No,1
66,7,40147,Good,No,0
53,9,17047,Poor,No,2
27,1,7616,Good,Yes,1
18,1,33623,Fair,No,1
42,3,39274,Good,No,0
21,3,9591,Good,Yes,1
50,4,44066,Poor,Yes,0
30,3,32572,Fair,Yes,1
62,5,34661,Poor,Yes,2
77,4,30982,Poor,Yes,0
18,6,28823,Poor,Yes,2
28,7,47931,Fair,Yes,1
27,4,23968,Good,No,0
60,5,8578,Poor,Yes,2
47,3,21908,Good,Yes,0
42,3,8859,Poor,Yes,1
76,4,2828,Fair,Yes,2
18,1,49552,Poor,No,0
41,7,24944,Fair,Yes,1
56,7,20184,Good,Yes,0
42,4,23521,Poor,Yes,0
29,7,38382,Fair,Yes,1
25,4,15457,Fair,No,1
34,1,6506,Poor,Yes,1
59,2,46613,Poor,Yes,0
54,9,20035,Good,No,0
48,6,7310,Good,No,1
49,1,4180,Good,No,2
79,8,5040,Fair,Yes,1
41,3,37236,Fair,Yes,1
77,5,35657,Good,Yes,0
27,2,48318,Fair,Yes,1
54,4,44651,Fair,Yes,1
40,8,35044,Fair,No,1
21,1,25114,Poor,No,0
61,5,2956,Poor,No,2
62,2,12262,Fair,No,1
63,1,2934,Poor,Yes,2
53,3,7863,Fair,No,1
34,7,14499,Poor,Yes,2
53,4,49524,Fair,No,1
36,3,16940,Good,Yes,0
58,9,43497,Poor,Yes,2
47,9,39656,Poor,Yes,2
45,9,34336,Good,Yes,0
71,2,41826,Fair,Yes,1
23,3,40902,Poor,No,0
79,6,36982,Fair,No,1
51,9,21578,Fair,No,1
51,5,42543,Poor,Yes,2
75,3,22904,Poor,Yes,0
24,2,6054,Good,No,1
78,8,11956,Poor,Yes,2
49,6,12639,Poor,Yes,2
25,4,2934,Fair,Yes,2
69,7,4350,Good,Yes,2
43,3,49620,Good,Yes,0
42,6,28805,Fair,No,1
65,4,21738,Fair,Yes,1
28,4,18855,Fair,Yes,1
77,4,20636,Poor,Yes,0
30,7,12780,Fair,No,1
70,4,7426,Fair,No,1
67,7,25989,Poor,Yes,2
48,9,34097,Good,Yes,0
48,6,34941,Poor,No,2
19,9,3040,Fair,Yes,2
42,7,22554,Poor,Yes,2
75,7,26340,Poor,Yes,2
44,8,12646,Good,No,1
26,7,31893,Good,No,0
54,9,26199,Fair,No,1
30,8,46613,Poor,Yes,2
52,1,34552,Good,No,0
51,5,48399,Poor,No,2
27,4,25727,Good,No,0
71,1,34552,Fair,No,1
18,3,37298,Poor,Yes,0
30,2,4194,Fair,Yes,2
48,1,40430,Poor,No,0
54,1,43216,Fair,No,1
64,2,25165,Poor,No,0
65,4,44555,Fair,No,1
75,5,8985,Poor,Yes,2
76,8,11228,Poor,Yes,2
56,8,12730,Good,No,1
42,7,17595,Good,No,0
35,5,15967,Fair,No,1
58,8,33685,Fair,Yes,1
19,8,15116,Fair,No,1
18,5,29404,Fair,Yes,1
18,1,46537,Good,No,0
68,8,30033,Fair,Yes,1
53,2,48354,Fair,Yes,1
56,4,49987,Good,No,0
21,8,24429,Poor,No,2
21,6,20323,Good,No,0
72,3,7886,Good,No,1
43,2,3986,Fair,No,2
38,8,8625,Good,Yes,1
70,7,31668,Good,No,0
37,7,30089,Good,Yes,0
53,4,27114,Fair,Yes,1
33,8,22989,Poor,Yes,2
20,4,29392,Poor,No,0
44,8,23879,Fair,No,1
57,6,4350,Poor,Yes,2
34,2,9554,Poor,No,1
44,9,35231,Poor,Yes,2
46,1,6989,Good,Yes,1
67,5,28425,Fair,No,1
77,7,8346,Good,No,1
49,6,16903,Poor,Yes,2
63,5,4387,Good,Yes,2
78,6,40987,Good,No,0
73,4,23019,Fair,No,1
65,5,12083,Fair,No,1
42,4,16778,Poor,Yes,0
40,4,15494,Fair,No,1
22,2,35863,Poor,Yes,0
34,4,9194,Fair,No,1
26,4,39274,Poor,No,0
33,1,3780,Fair,Yes,2
57,4,32269,Poor,Yes,0
50,3,44555,Good,No,0
50,9,4023,Poor,Yes,2
29,1,17218,Fair,No,1
52,7,24275,Good,No,0
51,6,12918,Good,No,1
45,2,34336,Fair,No,1
24,7,43069,Good,Yes,0
51,8,8015,Good,Yes,1
67,2,12578,Fair,Yes,1
24,9,41273,Poor,Yes,2
61,3,40211,Fair,No,1
34,2,8428,Fair,Yes,1
35,4,28823,Fair,Yes,1
70,5,27723,Poor,Yes,2
54,7,20964,Poor,Yes,2
54,1,15578,Good,No,0
62,5,6906,Good,No,1
65,6,43754,Poor,No,2
40,5,48603,Fair,No,1
42,8,19819,Good,No,0
46,9,46497,Good,Yes,0
20,2,13781,Good,No,1
45,4,6062,Fair,No,1
54,8,10837,Good,No,1
46,5,20964,Good,Yes,0
56,1,25892,Good,Yes,0
61,3,5164,Poor,Yes,1
41,2,36519,Good,No,0
30,8,21013,Fair,No,1
47,2,30764,Fair,No,1
78,9,24950,Good,No,0
55,8,39846,Good,Yes,0
75,3,8367,Good,No,1
24,3,31496,Good,Yes,0
29,6,23093,Poor,Yes,2
46,6,37298,Fair,Yes,1
57,1,37795,Good,Yes,0
67,1,29927,Good,No,0
33,3,26082,Fair,No,1
42,5,8931,Good,No,1
70,5,17130,Fair,No,1
60,9,48415,Good,Yes,0
66,1,35296,Poor,No,0
64,8,37561,Fair,Yes,1
31,9,35900,Fair,No,1
61,4,10470,Poor,Yes,1
19,7,25759,Fair,Yes,1
78,2,20706,Fair,Yes,1
34,9,11483,Good,No,1
48,3,23765,Poor,Yes,0
50,8,15214,Poor,No,2
40,4,49564,Fair,Yes,1
69,4,8931,Good,No,1
77,9,2239,Good,No,2
20,8,6499,Good,No,1
39,7,37985,Fair,No,1
30,2,35957,Poor,Yes,0
27,3,35171,Poor,Yes,0
30,7,28912,Fair,Yes,1
45,4,22964,Good,No,0
21,3,23471,Good,No,0
26,1,14707,Good,No,1
64,1,32813,Good,No,0
57,9,19014,Good,No,0
60,7,44663,Good,Yes,0
32,3,2212,Good,Yes,2
33,8,38642,Poor,Yes,2
25,2,38853,Poor,No,0
59,2,29954,Poor,Yes,0
41,7,43289,Good,No,0
55,2,8920,Good,No,1
29,2,15381,Poor,Yes,0
26,3,22007,Poor,No,0
57,8,3355,Poor,No,2
76,3,42983,Good,Yes,0
34,5,32833,Fair,Yes,1
77,2,10321,Fair,No,1
78,7,29446,Fair,No,1
19,4,47367,Fair,No,1
18,3,45385,Fair,Yes,1
24,8,8632,Poor,Yes,2
62,7,29011,Fair,Yes,1
29,1,22842,Fair,Yes,1
56,9,17129,Fair,Yes,1
75,1,19673,Fair,Yes,1
60,6,7277,Good,No,1
32,6,17026,Fair,Yes,1
23,2,13094,Good,Yes,1
67,4,22319,Good,Yes,0
51,4,43784,Poor,No,0
18,1,16149,Good,Yes,0
46,7,25518,Poor,No,2
26,4,47850,Good,No,0
52,6,26082,Good,Yes,0
25,9,12264,Fair,No,1
31,4,46069,Poor,Yes,0
77,4,48847,Fair,No,1
57,1,33497,Fair,Yes,1
40,5,28502,Poor,No,2
40,4,33560,Good,No,0
73,8,16079,Good,Yes,0
59,9,8463,Good,Yes,1
22,6,17047,Good,Yes,0
35,5,45444,Good,Yes,0
55,3,31892,Fair,No,1
32,3,22870,Poor,Yes,0
60,5,23565,Fair,No,1
54,4,43951,Poor,No,0
21,9,9922,Poor,Yes,2
36,7,16940,Poor,Yes,2
41,3,5332,Good,No,1
62,4,46403,Fair,Yes,1
18,4,33030,Good,Yes,0
41,1,4211,Fair,No,2
34,5,29446,Fair,No,1
70,6,43610,Good,Yes,0
79,8,47193,Good,Yes,0
36,4,23616,Poor,No,0
23,6,16408,Good,No,0
29,6,25506,Good,No,0
30,9,16283,Good,Yes,0
57,7,13929,Fair,Yes,1
67,1,41269,Poor,Yes,0
63,8,24083,Fair,No,1
61,5,16877,Poor,No,2
76,7,13781,Fair,No,1
20,3,3766,Poor,Yes,2
55,3,10689,Fair,No,1
32,4,28165,Good,No,0
61,4,45318,Fair,No,1
26,4,9080,Poor,No,1
77,6,3894,Poor,Yes,2
79,1,46199,Fair,No,1
67,9,13500,Fair,No,1
70,3,38036,Poor,Yes,0
57,5,25064,Fair,No,1
71,8,2320,Fair,No,2
44,5,49472,Fair,No,1
20,9,43216,Good,No,0
75,8,32572,Good,Yes,0
20,7,3555,Fair,No,2
31,4,17997,Fair,No,1
50,7,38124,Poor,Yes,2
37,9,28676,Fair,No,1
78,8,14549,Good,No,1
56,2,37238,Fair,Yes,1
62,7,14575,Good,No,1
33,8,23820,Good,Yes,0
20,1,33497,Fair,Yes,1
55,1,36942,Good,Yes,0
76,6,25989,Poor,No,2
21,7,38681,Good,No,0
37,6,42544,Fair,No,1
24,4,31011,Poor,No,0
49,4,43610,Poor,Yes,0
46,8,23968,Fair,No,1
23,1,5474,Good,Yes,1
27,4,39158,Good,Yes,0
33,6,40527,Poor,No,2
69,4,11196,Fair,No,1
25,7,10007,Good,Yes,1
51,7,15802,Good,No,0
25,7,3780,Poor,No,2
73,1,32861,Fair,No,1
70,6,23414,Good,Yes,0
35,2,35500,Poor,No,0
42,6,33505,Poor,Yes,2
61,5,5121,Fair,Yes,1
27,7,44172,Poor,Yes,2
63,5,6062,Good,Yes,1
22,5,29809,Fair,No,1
56,1,25989,Fair,Yes,1
78,7,9673,Good,No,1
20,1,45189,Fair,Yes,1
19,2,8859,Good,No,1
43,9,11966,Fair,No,1
45,7,22842,Good,Yes,0
38,2,41334,Fair,No,1
73,4,31753,Fair,No,1
63,1,44587,Poor,No,0
71,9,8264,Fair,Yes,1
26,7,47300,Good,Yes,0
51,8,19203,Fair,Yes,1
41,4,24079,Poor,No,0
63,6,43509,Poor,Yes,2
73,7,26055,Fair,Yes,1
21,5,46942,Poor,No,2
43,1,20601,Poor,No,0
52,5,21384,Poor,Yes,2
26,7,41417,Poor,No,2
32,7,7465,Good,Yes,1
32,5,24598,Poor,Yes,2
61,2,24504,Fair,No,1
31,2,40297,Poor,Yes,0
64,7,35361,Good,Yes,0
24,7,9591,Poor,Yes,2
33,3,31126,Good,Yes,0
78,3,15164,Poor,No,0
69,2,19809,Poor,No,0
67,3,4413,Good,No,2
36,7,31861,Good,No,0
61,2,49577,Good,Yes,0
18,1,8625,Fair,No,1
39,5,6363,Fair,No,1
44,6,15578,Poor,No,2
21,3,15875,Poor,Yes,0
48,9,38274,Good,Yes,0
71,9,34097,Good,Yes,0
46,6,5452,Poor,Yes,2
35,6,39474,Good,No,0
46,1,49567,Poor,No,0
50,5,23471,Good,Yes,0
46,6,4350,Poor,No,2
21,2,22728,Good,No,0
46,7,11228,Fair,No,1
33,5,38554,Fair,Yes,1
75,4,29833,Poor,No,0
27,3,29374,Fair,No,1
29,4,35273,Poor,No,0
75,9,16966,Poor,Yes,2
35,5,20291,Poor,Yes,2
49,1,36026,Good,No,0
19,7,35921,Good,Yes,0
30,9,37052,Good,Yes,0
76,6,45899,Poor,Yes,2
40,9,14270,Poor,Yes,2
37,9,44657,Poor,Yes,2
67,3,37155,Good,Yes,0
20,3,47014,Good,No,0
76,3,44861,Fair,Yes,1
19,5,26600,Good,Yes,0
42,2,18731,Fair,Yes,1
77,5,4017,Poor,No,2
20,6,16877,Good,Yes,0
19,4,3600,Good,No,2
40,9,24509,Fair,No,1
28,1,10675,Good,Yes,1
78,4,41653,Good,Yes,0
30,9,10256,Poor,No,2
52,7,49987,Good,Yes,0
64,2,6407,Poor,No,1
34,4,14707,Poor,No,1
58,7,24950,Good,Yes,0
42,5,48016,Fair,Yes,1
67,5,22989,Good,No,0
68,6,5811,Poor,Yes,2
75,4,2083,Fair,Yes,2
49,9,36719,Poor,No,2
56,8,48354,Poor,Yes,2
51,5,3266,Good,Yes,2
46,1,34336,Good,Yes,0
53,9,10007,Fair,No,1
67,9,3769,Poor,Yes,2
29,2,29820,Good,Yes,0
66,1,19549,Fair,No,1
53,5,25506,Fair,Yes,1
18,5,20686,Fair,No,1
25,2,35347,Poor,No,0
20,8,41355,Good,Yes,0
25,8,24533,Good,Yes,0
42,6,35995,Fair,Yes,1
70,9,30999,Good,Yes,0
33,3,39513,Poor,No,0
79,1,40466,Poor,No,0
53,3,23765,Good,No,0
57,3,40228,Good,Yes,0
62,5,45122,Fair,No,1
72,3,24932,Fair,Yes,1
41,1,33148,Fair,No,1
79,6,14377,Good,Yes,1
64,8,7616,Good,Yes,1
60,9,23414,Good,Yes,0
22,1,17029,Fair,Yes,1
64,9,37795,Fair,No,1
19,3,21632,Poor,Yes,0
22,9,7759,Poor,Yes,2
30,5,35682,Good,Yes,0
69,4,11606,Poor,Yes,1
21,3,44648,Fair,Yes,1
38,6,24598,Poor,No,2
25,1,10059,Fair,No,1
59,1,48805,Fair,Yes,1
27,6,32654,Poor,Yes,2
58,6,22842,Poor,No,2
45,4,24963,Good,No,0
25,5,38382,Fair,Yes,1
69,5,19434,Good,Yes,0
69,5,39351,Poor,No,2
33,3,41568,Fair,Yes,1
59,3,11225,Fair,No,1
61,3,49524,Good,No,0
60,5,46613,Good,Yes,0
63,9,48604,Poor,No,2
52,7,4061,Fair,Yes,2
56,4,39846,Fair,No,1
49,7,12646,Poor,Yes,2
21,2,28223,Poor,No,0
37,2,2111,Poor,No,2
77,3,8978,Poor,No,1
38,1,16778,Fair,Yes,1
54,4,44924,Poor,No,0
63,2,5024,Poor,No,1
50,5,26055,Poor,No,2
44,4,4120,Poor,Yes,2
47,4,38975,Fair,No,1
31,9,6918,Good,No,1
68,7,20770,Poor,Yes,2
78,7,22612,Poor,Yes,2
50,2,31649,Poor,Yes,0
53,7,5845,Fair,No,1
18,6,48354,Fair,Yes,1
19,8,22964,Fair,No,1
76,1,40246,Fair,Yes,1
60,9,4120,Fair,No,2
24,3,34524,Fair,No,1
52,4,35749,Poor,Yes,0
61,8,28608,Fair,Yes,1
29,7,47193,Fair,Yes,1
31,8,29937,Good,No,0
55,7,31829,Poor,Yes,2
65,1,24950,Good,Yes,0
42,3,49027,Fair,Yes,1
26,1,43976,Poor,No,0
54,8,14767,Fair,Yes,1
35,6,4387,Fair,Yes,2
45,7,41051,Fair,No,1
18,9,41309,Good,No,0
58,5,15819,Good,No,0
79,4,39026,Poor,No,0
34,3,23482,Fair,Yes,1
40,7,24944,Fair,Yes,1
54,4,4120,Good,Yes,2
43,7,23683,Fair,No,1
36,7,32155,Poor,Yes,2
65,1,36469,Good,Yes,0
52,3,3120,Good,Yes,2
73,7,44790,Good,Yes,0
55,9,23019,Fair,No,1
77,6,30033,Poor,Yes,2
57,3,26492,Poor,No,0
35,1,41828,Fair,Yes,1
49,1,41544,Poor,No,0
23,8,16703,Fair,Yes,1
55,5,33842,Poor,No,2
54,4,28287,Poor,Yes,0
57,1,15875,Good,No,0
23,8,3982,Poor,No,2
33,3,40042,Fair,Yes,1
56,4,21431,Good,Yes,0
43,3,28676,Fair,Yes,1
53,1,8632,Good,Yes,1
79,3,46109,Fair,No,1
63,8,39365,Poor,Yes,2
68,9,46561,Good,Yes,0
68,4,21489,Fair,No,1
31,4,14513,Fair,No,1
23,6,41568,Good,Yes,0
74,4,24158,Good,No,0
49,4,17026,Fair,Yes,1
75,3,12557,Fair,Yes,1
41,4,43307,Poor,Yes,0
76,3,14383,Poor,Yes,1
55,8,33623,Good,Yes,0
31,5,7227,Poor,Yes,2
58,7,31741,Good,Yes,0
20,9,36942,Fair,Yes,1
64,8,6830,Poor,Yes,2
67,5,37561,Fair,Yes,1
50,6,15166,Poor,Yes,2
33,4,40987,Fair,Yes,1
23,7,39846,Good,No,0
20,9,43773,Fair,No,1
69,5,39162,Good,Yes,0
44,6,19600,Poor,No,2
64,1,47756,Fair,Yes,1
21,6,30437,Fair,No,1
20,5,41826,Poor,No,2
32,8,10470,Fair,No,1
47,5,12577,Poor,Yes,2
38,4,7827,Good,No,1
53,6,49451,Fair,Yes,1
36,8,35327,Fair,Yes,1
35,6,30635,Poor,No,2
75,7,4128,Poor,No,2
67,4,20039,Fair,Yes,1
68,8,26171,Fair,No,1
30,8,6125,Fair,Yes,1
63,9,10059,Poor,Yes,2
26,6,18191,Good,Yes,0
65,9,2934,Poor,No,2
73,6,33237,Fair,Yes,1
18,7,19819,Poor,Yes,2
72,1,21656,Poor,No,0
79,5,31496,Good,Yes,0
44,1,5452,Good,No,1
43,2,35748,Good,No,0
24,3,18078,Good,No,0
38,3,7939,Good,Yes,1
64,8,24504,Good,Yes,0
34,2,41568,Fair,No,1
47,9,42353,Fair,Yes,1
29,1,38124,Poor,No,0
77,6,49567,Good,No,0
22,9,40430,Poor,Yes,2
35,2,31829,Fair,No,1
70,7,40086,Fair,Yes,1
65,4,37752,Good,No,0
31,2,38977,Fair,Yes,1
30,3,7585,Good,No,1
71,9,16877,Good,No,0
21,4,21578,Poor,No,0
47,2,17045,Fair,No,1
58,3,43509,Good,Yes,0
21,7,43554,Poor,No,2
24,5,38061,Poor,Yes,2
25,2,35921,Poor,No,0
77,1,10598,Fair,Yes,1
40,4,29446,Fair,Yes,1
65,6,24579,Good,Yes,0
39,3,10462,Good,Yes,1
35,4,25109,Good,Yes,0
